precision,recall,threshold
0.020216606498194945,1.0,2.131827481918667e-41
0.02023121387283237,1.0,5.54130312516229e-18
0.02024584237165582,1.0,1.8617791634688595e-17
0.020260492040520984,1.0,2.842225628108466e-15
0.020275162925416364,1.0,8.353361504622093e-15
0.020289855072463767,1.0,8.185137041882639e-14
0.02030456852791878,1.0,9.401440562866694e-14
0.020319303338171262,1.0,2.693300757246642e-13
0.020334059549745823,1.0,2.7245424308508175e-12
0.020348837209302327,1.0,3.57231247965726e-12
0.020363636363636365,1.0,6.067192847106105e-12
0.020378457059679767,1.0,1.0498028513959303e-11
0.02039329934450109,1.0,1.1593255974485421e-11
0.02040816326530612,1.0,3.471238522858738e-11
0.020423048869438368,1.0,4.4040509151896456e-11
0.020437956204379562,1.0,5.95297045718596e-11
0.020452885317750184,1.0,6.456726642546922e-11
0.02046783625730994,1.0,8.39710658600415e-11
0.020482809070958303,1.0,1.0879659623119485e-10
0.020497803806734993,1.0,1.2034971611642577e-10
0.020512820512820513,1.0,1.588593710729247e-10
0.020527859237536656,1.0,3.197576451644483e-10
0.020542920029347028,1.0,3.588976728797406e-10
0.020558002936857563,1.0,5.04449199810613e-10
0.020573108008817047,1.0,5.15403378511089e-10
0.020588235294117647,1.0,1.132540190579609e-09
0.020603384841795438,1.0,1.1629757578837012e-09
0.020618556701030927,1.0,1.364587541935863e-09
0.020633750921149593,1.0,3.1983742397959964e-09
0.02064896755162242,1.0,6.916270480529306e-09
0.020664206642066422,1.0,7.414397218921525e-09
0.0206794682422452,1.0,7.447611237798744e-09
0.020694752402069475,1.0,2.62387933522262e-08
0.020710059171597635,1.0,3.437155565041579e-08
0.02072538860103627,1.0,4.705574791433664e-08
0.02074074074074074,1.0,2.458133901142743e-07
0.020756115641215715,1.0,2.4696568081234223e-07
0.020771513353115726,1.0,2.558554956720941e-07
0.020786933927245732,1.0,3.222868803108538e-07
0.020802377414561663,1.0,3.308950583367476e-07
0.020817843866171002,1.0,3.7350628076533023e-07
0.020833333333333332,1.0,4.954664395693807e-07
0.02084884586746091,1.0,6.329257534855315e-07
0.020864381520119227,1.0,7.02769581110911e-07
0.020879940343027592,1.0,8.00842286696815e-07
0.020895522388059702,1.0,1.1074457777373105e-06
0.020911127707244213,1.0,1.3964752059063884e-06
0.02092675635276532,1.0,1.4983280144225632e-06
0.020942408376963352,1.0,1.6258303399803007e-06
0.020958083832335328,1.0,2.042104345674863e-06
0.020973782771535582,1.0,2.1500900128911855e-06
0.020989505247376312,1.0,3.7516648168122655e-06
0.021005251312828207,1.0,4.5776019018464155e-06
0.021021021021021023,1.0,5.119162111841853e-06
0.021036814425244178,1.0,5.240660464011624e-06
0.021052631578947368,1.0,5.641539195063202e-06
0.021068472535741158,1.0,6.018323773005278e-06
0.02108433734939759,1.0,6.078241020652518e-06
0.02110022607385079,1.0,6.420164404627072e-06
0.021116138763197588,1.0,7.715383277572765e-06
0.021132075471698115,1.0,8.404853398925602e-06
0.021148036253776436,1.0,9.52284439251322e-06
0.021164021164021163,1.0,9.981929029242089e-06
0.02118003025718608,1.0,1.0583436768916253e-05
0.021196063588190765,1.0,1.2327484887517812e-05
0.021212121212121213,1.0,1.246193669475461e-05
0.02122820318423048,1.0,1.3143932980434191e-05
0.021244309559939303,1.0,1.467357646366346e-05
0.02126044039483675,1.0,1.5774180834395545e-05
0.02127659574468085,1.0,1.6398582359647804e-05
0.02129277566539924,1.0,1.7370070138708594e-05
0.0213089802130898,1.0,1.739067646641945e-05
0.021325209444021324,1.0,2.0961512403009378e-05
0.021341463414634148,1.0,2.154382579018151e-05
0.02135774218154081,1.0,2.2739696595670554e-05
0.021374045801526718,1.0,2.3016970488707668e-05
0.0213903743315508,1.0,2.325263195883563e-05
0.021406727828746176,1.0,2.34626913997669e-05
0.02142310635042081,1.0,2.4557163642469664e-05
0.021439509954058193,1.0,2.648055099248004e-05
0.021455938697318006,1.0,3.450970732992857e-05
0.02147239263803681,1.0,3.566361171080492e-05
0.021488871834228703,1.0,3.6086208093334685e-05
0.021505376344086023,1.0,3.881005716654709e-05
0.021521906225980016,1.0,4.074617491183195e-05
0.021538461538461538,1.0,4.192005665756067e-05
0.02155504234026174,1.0,4.293589426437887e-05
0.02157164869029276,1.0,4.586050758728756e-05
0.02158828064764842,1.0,4.9598960310618015e-05
0.021604938271604937,1.0,5.031319978729482e-05
0.021621621621621623,1.0,5.219086165710198e-05
0.021638330757341576,1.0,5.2882764306982314e-05
0.02165506573859242,1.0,5.5864317430431996e-05
0.021671826625386997,1.0,5.656092083246264e-05
0.021688613477924088,1.0,5.737623404315591e-05
0.021705426356589147,1.0,5.7790447508078724e-05
0.021722265321955005,1.0,6.032592473817264e-05
0.021739130434782608,1.0,6.0957293583436336e-05
0.021756021756021756,1.0,6.431125894083342e-05
0.02177293934681182,1.0,6.488326739663781e-05
0.02178988326848249,1.0,6.694972195768743e-05
0.021806853582554516,1.0,6.810702622974885e-05
0.021823850350740453,1.0,6.89614338369411e-05
0.0218408736349454,1.0,6.951213890898576e-05
0.02185792349726776,1.0,7.042273288767474e-05
0.021875,1.0,8.078670932292831e-05
0.0218921032056294,1.0,8.0966109800389e-05
0.02190923317683881,1.0,8.291203103682862e-05
0.02192638997650744,1.0,8.376050855061558e-05
0.0219435736677116,1.0,8.557434695881193e-05
0.02196078431372549,1.0,8.750939404271983e-05
0.02197802197802198,1.0,8.822138538914424e-05
0.02199528672427337,1.0,8.828205905556628e-05
0.0220125786163522,1.0,8.984144089941436e-05
0.022029897718332022,1.0,9.003188321821069e-05
0.02204724409448819,1.0,9.026167924132941e-05
0.02206461780929866,1.0,9.235618245286318e-05
0.022082018927444796,1.0,9.30121964721899e-05
0.022099447513812154,1.0,9.414537544968234e-05
0.022116903633491312,1.0,9.918585145445225e-05
0.022134387351778657,1.0,9.988084152341839e-05
0.022151898734177215,1.0,0.00010348710332352455
0.022169437846397466,1.0,0.00010531018227653145
0.022187004754358162,1.0,0.00011110998182562504
0.022204599524187154,1.0,0.00011185296372083653
0.022222222222222223,1.0,0.00011420452118484916
0.022239872915011914,1.0,0.00011984223551408642
0.022257551669316374,1.0,0.00012030031586784799
0.022275258552108195,1.0,0.00012667892368373426
0.022292993630573247,1.0,0.00013993981454393103
0.022310756972111555,1.0,0.0001427926089104968
0.022328548644338118,1.0,0.00014506780061605254
0.0223463687150838,1.0,0.00014978479625491744
0.022364217252396165,1.0,0.000150802925520422
0.02238209432454037,1.0,0.0001523125746322687
0.0224,1.0,0.0001524125668701767
0.02241793434747798,1.0,0.0001539368127533813
0.022435897435897436,1.0,0.00015539744454012638
0.022453889334402566,1.0,0.0001599948001726569
0.02247191011235955,1.0,0.00016005630496886977
0.02248995983935743,1.0,0.00016032271435639062
0.022508038585209004,1.0,0.0001609139071560819
0.02252614641995173,1.0,0.0001610105528592076
0.02254428341384863,1.0,0.00016260008421178888
0.022562449637389202,1.0,0.00016326574787467793
0.02258064516129032,1.0,0.0001639935328392151
0.022598870056497175,1.0,0.00016558233591126604
0.022617124394184167,1.0,0.00017049479734739166
0.02263540824575586,1.0,0.00017347073054247306
0.022653721682847898,1.0,0.0001758731247103562
0.022672064777327937,1.0,0.00017922321120087935
0.022690437601296597,1.0,0.00018014889820392138
0.0227088402270884,1.0,0.00018528006747160216
0.022727272727272728,1.0,0.00018610315236517965
0.022745735174654752,1.0,0.00018682090488060705
0.022764227642276424,1.0,0.00018909232144901782
0.022782750203417412,1.0,0.00019369147597558703
0.02280130293159609,1.0,0.0001953885328169492
0.022819885900570498,1.0,0.0001958243712270503
0.022838499184339316,1.0,0.00019881978794209773
0.022857142857142857,1.0,0.00020308856399631127
0.02287581699346405,1.0,0.0002064896146909073
0.022894521668029435,1.0,0.00020818542546038814
0.022913256955810146,1.0,0.00020845801783655075
0.02293202293202293,1.0,0.00021778518670765397
0.022950819672131147,1.0,0.00021940372169428204
0.022969647251845776,1.0,0.00022071166355076371
0.022988505747126436,1.0,0.00023447155375352292
0.023007395234182416,1.0,0.00023507110571674005
0.023026315789473683,1.0,0.00023672051233069327
0.023045267489711935,1.0,0.00023690975083891496
0.023064250411861616,1.0,0.00024344640953001843
0.023083264633140973,1.0,0.0002461568712721147
0.0231023102310231,1.0,0.00026069709727566517
0.023121387283236993,1.0,0.0002680921801085703
0.023140495867768594,1.0,0.0002700866429833507
0.02315963606286187,1.0,0.000270912716093142
0.023178807947019868,1.0,0.0002729663544438144
0.0231980115990058,1.0,0.00027889470806023763
0.02321724709784411,1.0,0.00028518905601397664
0.023236514522821577,1.0,0.0002858372693384519
0.023255813953488372,1.0,0.0002870583100789428
0.023275145469659187,1.0,0.00029083495163305384
0.02329450915141431,1.0,0.00029249750077283874
0.02331390507910075,1.0,0.00029672215549203805
0.023333333333333334,1.0,0.0002981840177592648
0.02335279399499583,1.0,0.0003081981290051775
0.02337228714524207,1.0,0.0003209024648710042
0.023391812865497075,1.0,0.00032127069137519756
0.023411371237458192,1.0,0.00033322188031546053
0.023430962343096235,1.0,0.00033609616758318764
0.023450586264656615,1.0,0.00034313377324940236
0.02347024308466052,1.0,0.0003448043251523828
0.02348993288590604,1.0,0.0003507847256318032
0.023509655751469353,1.0,0.0003536966108423774
0.023529411764705882,1.0,0.0003561424074732047
0.023549201009251473,1.0,0.00036018463277211985
0.02356902356902357,1.0,0.00036454329011567123
0.02358887952822241,1.0,0.0003705034188408448
0.023608768971332208,1.0,0.00037221454036636157
0.02362869198312236,1.0,0.0003737373034652685
0.02364864864864865,1.0,0.00037499503407317585
0.023668639053254437,1.0,0.0003751565399033286
0.023688663282571912,1.0,0.00037788069964097486
0.023708721422523286,1.0,0.00038229959404177986
0.023728813559322035,1.0,0.00038453299675958013
0.02374893977947413,1.0,0.000387699773597537
0.023769100169779286,1.0,0.0004077724622728346
0.0237892948173322,1.0,0.00040976516121280036
0.023809523809523808,1.0,0.00041819351028036654
0.023829787234042554,1.0,0.0004238700131021434
0.02385008517887564,1.0,0.00042406858827003397
0.023870417732310314,1.0,0.000427069033082278
0.023890784982935155,1.0,0.0004351152338187678
0.02391118701964133,1.0,0.0004371867975028425
0.023931623931623933,1.0,0.00044457786268304006
0.023952095808383235,1.0,0.00044837941058528674
0.023972602739726026,1.0,0.00045976698779142853
0.023993144815766924,1.0,0.00046998222073656756
0.024013722126929673,1.0,0.00047810374109766735
0.0240343347639485,1.0,0.0004876989217771499
0.024054982817869417,1.0,0.0004960080979058409
0.02407566638005159,1.0,0.0005025280259837147
0.024096385542168676,1.0,0.0005114670746338713
0.024117140396210164,1.0,0.0005119871406043857
0.02413793103448276,1.0,0.0005138592866085583
0.024158757549611734,1.0,0.000516422086746285
0.024179620034542316,1.0,0.000519965472434729
0.024200518582541054,1.0,0.0005220168438391541
0.02422145328719723,1.0,0.000524858954197388
0.024242424242424242,1.0,0.0005297118035931989
0.024263431542461005,1.0,0.000534175012520446
0.024284475281873375,1.0,0.0005390530647384555
0.024305555555555556,1.0,0.0005589581400600072
0.02432667245873154,1.0,0.0005600634305222443
0.02434782608695652,1.0,0.0005602924149418393
0.024369016536118365,1.0,0.0005998408348324465
0.024390243902439025,1.0,0.000608296264312648
0.024411508282476024,1.0,0.0006095007730554192
0.02443280977312391,1.0,0.0006174283552663075
0.02445414847161572,1.0,0.0006194255344820985
0.024475524475524476,1.0,0.000628958087420639
0.024496937882764653,1.0,0.0006303904593465083
0.024518388791593695,1.0,0.0006649759135172764
0.024539877300613498,1.0,0.0006695111803444053
0.02456140350877193,1.0,0.0006698673830528748
0.024582967515364356,1.0,0.0006910879513154328
0.02460456942003515,1.0,0.0006964965010138162
0.024626209322779244,1.0,0.0006988490700931485
0.02464788732394366,1.0,0.0007132307657716421
0.024669603524229075,1.0,0.0007174430777286153
0.024691358024691357,1.0,0.0007196190405185509
0.02471315092674316,1.0,0.0007268578592164682
0.024734982332155476,1.0,0.0007326524473589161
0.02475685234305924,1.0,0.0007391061515345724
0.024778761061946902,1.0,0.0007683982953547986
0.024800708591674048,1.0,0.0007724771353046962
0.024822695035460994,1.0,0.0007889305487567258
0.024844720496894408,1.0,0.0008044766372326126
0.02486678507992895,1.0,0.0008095943599974608
0.024888888888888887,1.0,0.0008558791479787998
0.02491103202846975,1.0,0.000857243847249414
0.024933214603739984,1.0,0.0008579107211814996
0.024955436720142603,1.0,0.0008586410057679247
0.024977698483496878,1.0,0.0008601925381178966
0.025,1.0,0.000860272064249355
0.025022341376228777,1.0,0.0008632283565039269
0.025044722719141325,1.0,0.0008850102019540316
0.025067144136078783,1.0,0.0008886897381024847
0.025089605734767026,1.0,0.0009040030445447103
0.025112107623318385,1.0,0.0009055815565719783
0.025134649910233394,1.0,0.0009104559840477169
0.025157232704402517,1.0,0.0009167351856339178
0.025179856115107913,1.0,0.0009168553632712549
0.025202520252025202,1.0,0.0009374458361438042
0.025225225225225224,1.0,0.0009503378436714717
0.025247971145175834,1.0,0.0009509888636352014
0.02527075812274368,1.0,0.0009535837284917404
0.025293586269196026,1.0,0.0009557336519657633
0.02531645569620253,1.0,0.0009852092398652734
0.025339366515837104,1.0,0.0009880979753082574
0.025362318840579712,1.0,0.0009908506456243532
0.025385312783318223,1.0,0.001003038861491554
0.025408348457350273,1.0,0.00101894848519185
0.025431425976385105,1.0,0.0010403861204096485
0.025454545454545455,1.0,0.0010449517173800654
0.025477707006369428,1.0,0.001060029953390308
0.025500910746812388,1.0,0.0010857902792038288
0.02552415679124886,1.0,0.001101513804067098
0.025547445255474453,1.0,0.001104206662952186
0.025570776255707764,1.0,0.0011169157224061557
0.025594149908592323,1.0,0.0011185691542022742
0.025617566331198535,1.0,0.0011446940222892671
0.02564102564102564,1.0,0.001147515002690338
0.025664527956003668,1.0,0.0011747561827691129
0.025688073394495414,1.0,0.0011849418202033383
0.025711662075298437,1.0,0.0012348620344577578
0.025735294117647058,1.0,0.0012446144412703807
0.025758969641214352,1.0,0.0012639397213545288
0.02578268876611418,1.0,0.0013068017051707924
0.025806451612903226,1.0,0.001311706757638163
0.025830258302583026,1.0,0.0013573241489363615
0.02585410895660203,1.0,0.0014660526288102678
0.025878003696857672,1.0,0.0014837489872959167
0.025901942645698426,1.0,0.0014925454980615769
0.025925925925925925,1.0,0.0015040686600952522
0.025949953660797033,1.0,0.0016062074392509983
0.025974025974025976,1.0,0.0016080753799156138
0.025998142989786442,1.0,0.001618859942223676
0.026022304832713755,1.0,0.0016352343621332845
0.026046511627906978,1.0,0.001635399404317964
0.0260707635009311,1.0,0.0016633482091945085
0.0260950605778192,1.0,0.0016706220341467046
0.026119402985074626,1.0,0.001674826977798353
0.026143790849673203,1.0,0.001712343948441517
0.026168224299065422,1.0,0.0017139990640430468
0.026192703461178673,1.0,0.0017501334626434306
0.026217228464419477,1.0,0.0017525024066235868
0.026241799437675725,1.0,0.0017643170906764386
0.02626641651031895,1.0,0.0017698968518071023
0.02629107981220657,1.0,0.0017826513062397873
0.02631578947368421,1.0,0.0017962098736529228
0.02634054562558796,1.0,0.0018183603344471655
0.026365348399246705,1.0,0.0018229116850394368
0.02639019792648445,1.0,0.0018313307887182263
0.026415094339622643,1.0,0.001838939521816905
0.02644003777148253,1.0,0.001896238647418913
0.026465028355387523,1.0,0.0019175486805622479
0.026490066225165563,1.0,0.0019251421147155297
0.026515151515151516,1.0,0.001954602175530243
0.026540284360189573,1.0,0.0019648358174482595
0.026565464895635674,1.0,0.001985503130225887
0.026590693257359924,1.0,0.001995057558244805
0.026615969581749048,1.0,0.0020221865501175453
0.02664129400570885,1.0,0.002050892796429291
0.02666666666666667,1.0,0.0020769824865233284
0.02669208770257388,1.0,0.00217969231888982
0.026717557251908396,1.0,0.002255291283713207
0.026743075453677174,1.0,0.0023927598046550452
0.02676864244741874,1.0,0.0024408638369803975
0.026794258373205742,1.0,0.0024560739774775464
0.02681992337164751,1.0,0.0025487960633928637
0.026845637583892617,1.0,0.0025572781167607925
0.026871401151631478,1.0,0.0025816486247890536
0.026897214217098942,1.0,0.0026608844079552673
0.026923076923076925,1.0,0.002684990587309251
0.026948989412897015,1.0,0.0027441683620330628
0.02697495183044316,1.0,0.002766020165985729
0.02700096432015429,1.0,0.0027832562424310774
0.02702702702702703,1.0,0.0027941495370899794
0.02705314009661836,1.0,0.002862565436487676
0.027079303675048357,1.0,0.0028714816410128274
0.027105517909002903,1.0,0.0028846556449579775
0.027131782945736434,1.0,0.002909520011661286
0.027158098933074686,1.0,0.003071460751777911
0.027184466019417475,1.0,0.003076939732584126
0.027210884353741496,1.0,0.0030872062016248174
0.027237354085603113,1.0,0.0030930131989123015
0.027263875365141188,1.0,0.0031263227936758242
0.02729044834307992,1.0,0.0031377896436310354
0.027317073170731707,1.0,0.0032142708274675896
0.02734375,1.0,0.0032475583383488583
0.02737047898338221,1.0,0.0032519631353165068
0.0273972602739726,1.0,0.0033197315763929614
0.02742409402546523,1.0,0.003357330082804972
0.027450980392156862,1.0,0.003357577470751953
0.02747791952894995,1.0,0.0033796440999342607
0.0275049115913556,1.0,0.003416173303321746
0.02753195673549656,1.0,0.0035153126164469426
0.027559055118110236,1.0,0.0035153247770173418
0.027586206896551724,1.0,0.0035527389338264634
0.027613412228796843,1.0,0.00355406860461449
0.027640671273445213,1.0,0.003637175899460959
0.02766798418972332,1.0,0.003684101555366309
0.027695351137487636,1.0,0.003688047525037484
0.027722772277227723,1.0,0.003813075427665851
0.027750247770069375,1.0,0.0039060482865496816
0.027777777777777776,1.0,0.00392861848857209
0.027805362462760674,1.0,0.003940551087785884
0.027833001988071572,1.0,0.00396945243813922
0.027860696517412936,1.0,0.004034532365752617
0.027888446215139442,1.0,0.004080684317687295
0.027916251246261216,1.0,0.00411840933686997
0.027944111776447105,1.0,0.004163688165763452
0.027972027972027972,1.0,0.004208858598934574
0.028,1.0,0.004209339539137361
0.028028028028028028,1.0,0.004246467003045067
0.028056112224448898,1.0,0.004264256200085362
0.028084252758274825,1.0,0.004381125873864113
0.028112449799196786,1.0,0.004427195947255572
0.02814070351758794,1.0,0.00443013604743595
0.028169014084507043,1.0,0.004437568881453334
0.028197381671701913,1.0,0.004445400631804069
0.028225806451612902,1.0,0.0044700118080532505
0.028254288597376387,1.0,0.004577123547720171
0.028282828282828285,1.0,0.004680261435896318
0.028311425682507583,1.0,0.004779098838163886
0.02834008097165992,1.0,0.004805002944091892
0.028368794326241134,1.0,0.004806085762266177
0.028397565922920892,1.0,0.004822963253800886
0.028426395939086295,1.0,0.004954714002176748
0.028455284552845527,1.0,0.004973442716641319
0.028484231943031537,1.0,0.004999059613388687
0.028513238289205704,1.0,0.005043876100994395
0.02854230377166157,1.0,0.005202312870013871
0.02857142857142857,1.0,0.005244379658947953
0.028600612870275793,1.0,0.00536222427170387
0.028629856850715747,1.0,0.005462126266716673
0.028659160696008188,1.0,0.005489710521742749
0.028688524590163935,1.0,0.005503364383931358
0.028717948717948718,1.0,0.005689410161193281
0.028747433264887063,1.0,0.005736560393802604
0.02877697841726619,1.0,0.0059720435568598905
0.02880658436213992,1.0,0.006059448376215959
0.028836251287332648,1.0,0.006068676290965765
0.0288659793814433,1.0,0.006158626490488826
0.02889576883384933,1.0,0.006206656899922664
0.028925619834710745,1.0,0.006407809304275951
0.028955532574974147,1.0,0.0064835768374308074
0.028985507246376812,1.0,0.006613095092869044
0.029015544041450778,1.0,0.006685474428725053
0.029045643153526972,1.0,0.006776135139536386
0.029075804776739357,1.0,0.0069476587501478655
0.029106029106029108,1.0,0.007055174738579612
0.029136316337148804,1.0,0.007141557772181443
0.029166666666666667,1.0,0.007180254042003784
0.029197080291970802,1.0,0.007215541983128913
0.029227557411273485,1.0,0.007221432281479236
0.029258098223615466,1.0,0.007297870275296937
0.029288702928870293,1.0,0.007307359932508117
0.02931937172774869,1.0,0.007548940633691941
0.029350104821802937,1.0,0.007690227783385177
0.02938090241343127,1.0,0.0078134243546135
0.029411764705882353,1.0,0.007835578853624158
0.029442691903259727,1.0,0.007869380341411063
0.029473684210526315,1.0,0.007929169974737596
0.029504741833508957,1.0,0.008014799457306982
0.029535864978902954,1.0,0.008031488910774067
0.029567053854276663,1.0,0.008036422497273429
0.02959830866807611,1.0,0.008097940347493594
0.02962962962962963,1.0,0.008135940615793648
0.029661016949152543,1.0,0.00837312518035499
0.029692470837751856,1.0,0.008521124013264261
0.029723991507430998,1.0,0.008588317531603213
0.02975557917109458,1.0,0.008614465306102728
0.029787234042553193,1.0,0.008676972750755655
0.029818956336528223,1.0,0.008726716680410982
0.029882604055496264,1.0,0.00875770746478277
0.029914529914529916,1.0,0.00879188311443696
0.029946524064171122,1.0,0.00893886025469364
0.029978586723768737,1.0,0.008941676249483542
0.030010718113612004,1.0,0.008992467988436652
0.030042918454935622,1.0,0.009106023074480848
0.03007518796992481,1.0,0.009198884916439814
0.030107526881720432,1.0,0.00932220526285918
0.030139935414424113,1.0,0.0093557969208681
0.03017241379310345,1.0,0.009421118494657646
0.030204962243797196,1.0,0.009547981390874673
0.03023758099352052,1.0,0.009565573687267022
0.03027027027027027,1.0,0.009657780728826082
0.030303030303030304,1.0,0.009703640631691234
0.030335861321776816,1.0,0.00987142922324748
0.03036876355748373,1.0,0.010002124188331435
0.03040173724212812,1.0,0.010134153517820767
0.030434782608695653,1.0,0.010159685140289032
0.030467899891186073,1.0,0.010534527032119434
0.030501089324618737,1.0,0.010755859211466786
0.030534351145038167,1.0,0.010784819403738188
0.03056768558951965,1.0,0.010843221678387045
0.030601092896174863,1.0,0.0108967238240104
0.030634573304157548,1.0,0.010962932527361113
0.03066812705366922,1.0,0.011061935388487572
0.03070175438596491,1.0,0.011099490771037307
0.030735455543358946,1.0,0.011118043318826484
0.03076923076923077,1.0,0.011395302310538336
0.030803080308030802,1.0,0.011438034284662776
0.030837004405286344,1.0,0.011928402674382143
0.030871003307607496,1.0,0.012110997478144129
0.03090507726269316,1.0,0.012258469019525847
0.030939226519337018,1.0,0.012340367704521195
0.030973451327433628,1.0,0.012518213692121407
0.031007751937984496,1.0,0.012557807035387036
0.031042128603104215,1.0,0.01263848809685369
0.03107658157602664,1.0,0.01273607320285208
0.03111111111111111,1.0,0.012903248710645675
0.03114571746384872,1.0,0.013323432666862192
0.031180400890868598,1.0,0.013342095288736424
0.03121516164994426,1.0,0.013376763379863793
0.03125,1.0,0.013596131299484454
0.03128491620111732,1.0,0.013724882719865317
0.03131991051454139,1.0,0.013750548759797096
0.03135498320268757,1.0,0.013829645646681136
0.03139013452914798,1.0,0.013904335245457863
0.031425364758698095,1.0,0.013907758919420778
0.03146067415730337,1.0,0.014069111066649506
0.031496062992125984,1.0,0.01451064803120158
0.03153153153153153,1.0,0.014983230280688226
0.03156708004509583,1.0,0.015050494499422239
0.03160270880361174,1.0,0.015276325493676428
0.031638418079096044,1.0,0.01536511526405972
0.03167420814479638,1.0,0.015371034227716615
0.031710079275198186,1.0,0.015401805486710274
0.031746031746031744,1.0,0.01541727718756661
0.03178206583427923,1.0,0.01543062528031688
0.031818181818181815,1.0,0.015577169554998268
0.03185437997724687,1.0,0.015622197861129663
0.03189066059225513,1.0,0.015993327434596014
0.03192702394526796,1.0,0.0160130391243207
0.0319634703196347,1.0,0.01610641295775261
0.032,1.0,0.01632161751920025
0.032036613272311214,1.0,0.01632462710164019
0.032073310423825885,1.0,0.016347707177640065
0.03211009174311927,1.0,0.01639742327475253
0.03214695752009185,1.0,0.016493614767589572
0.03218390804597701,1.0,0.016596652895176818
0.03222094361334868,1.0,0.016718852546377352
0.03225806451612903,1.0,0.01675072725132751
0.03229527104959631,1.0,0.016792125697482743
0.03233256351039261,1.0,0.016887822696384308
0.03236994219653179,1.0,0.016963679251458426
0.032407407407407406,1.0,0.017049450556955646
0.03244495944380069,1.0,0.017388345160608883
0.03248259860788863,1.0,0.01782755825127928
0.032520325203252036,1.0,0.01789188665383802
0.03255813953488372,1.0,0.01828200064536746
0.03259604190919674,1.0,0.018503506097733633
0.03263403263403263,1.0,0.01850664518825557
0.03267211201866978,1.0,0.018662797236904352
0.03271028037383177,1.0,0.018688174839389858
0.03274853801169591,1.0,0.01871544493874521
0.03278688524590164,1.0,0.018969603505290162
0.032825322391559206,1.0,0.019387300017554943
0.03286384976525822,1.0,0.020030101101323913
0.03290246768507638,1.0,0.020105817837819076
0.03294117647058824,1.0,0.020124667962470002
0.03297997644287397,1.0,0.020244568080742438
0.0330188679245283,1.0,0.02034382616754298
0.03305785123966942,1.0,0.02095775531316411
0.03309692671394799,1.0,0.02114966419590909
0.033136094674556214,1.0,0.02115038262115074
0.03317535545023697,1.0,0.021890678612324924
0.033214709371293,1.0,0.021915024823654632
0.0332541567695962,1.0,0.02228669764518613
0.03329369797859691,1.0,0.022329677349856535
0.03333333333333333,1.0,0.022427177808098754
0.033373063170441,1.0,0.02263104319268362
0.03341288782816229,1.0,0.02319023579354938
0.03345280764635603,1.0,0.02354686431006545
0.03349282296650718,1.0,0.02356961926637874
0.033532934131736525,1.0,0.023723262493056573
0.03357314148681055,1.0,0.02374735914600525
0.03365384615384615,1.0,0.023811786304373524
0.03369434416365824,1.0,0.023925723753784392
0.033734939759036145,1.0,0.02431009382751795
0.033775633293124246,1.0,0.024901319188612745
0.033816425120772944,1.0,0.025014888383111892
0.03385731559854897,1.0,0.02527285491530673
0.03389830508474576,1.0,0.025285868444596214
0.03393939393939394,1.0,0.02555322220555332
0.03398058252427184,1.0,0.025894370738952444
0.03402187120291616,1.0,0.02615844535972183
0.0340632603406326,1.0,0.026284088246511465
0.0341047503045067,1.0,0.026603016086122127
0.03414634146341464,1.0,0.026863181229509425
0.03418803418803419,1.0,0.027172115366848073
0.034229828850855744,1.0,0.02721280270434435
0.03427172582619339,1.0,0.027417375854105443
0.03431372549019608,1.0,0.027585504853681914
0.0343558282208589,1.0,0.0275857063197526
0.0343980343980344,1.0,0.028263275788869436
0.03444034440344403,1.0,0.0283986105563567
0.034482758620689655,1.0,0.029645496015010514
0.0345252774352651,1.0,0.030002309214054237
0.0345679012345679,1.0,0.030002663933767524
0.034610630407911,1.0,0.031030546548137358
0.034653465346534656,1.0,0.03109440773105306
0.03469640644361834,1.0,0.031190204671848302
0.034739454094292806,1.0,0.03127021710864417
0.034782608695652174,1.0,0.031272382555942384
0.03482587064676617,1.0,0.03164067640943485
0.034869240348692404,1.0,0.03174350231500843
0.034912718204488775,1.0,0.03237689903335505
0.03495630461922597,1.0,0.032418070391795874
0.035,1.0,0.03266846720152994
0.03504380475594493,1.0,0.032831819544170124
0.03508771929824561,1.0,0.03286348489123325
0.03513174404015056,1.0,0.032977141488770643
0.035175879396984924,1.0,0.03298947289067584
0.03522012578616352,1.0,0.0331662859797424
0.03526448362720403,1.0,0.033375981749877624
0.03530895334174023,1.0,0.03382196618250072
0.03535353535353535,1.0,0.03418091278609754
0.035398230088495575,1.0,0.03442075266463153
0.035443037974683546,1.0,0.034764362501479136
0.035578144853875476,1.0,0.03509280240529127
0.035623409669211195,1.0,0.035536581470506354
0.035668789808917196,1.0,0.035719532838906796
0.03571428571428571,1.0,0.03583678198874391
0.035759897828863345,1.0,0.03595365574544489
0.03580562659846547,1.0,0.03622166748986641
0.03585147247119078,1.0,0.036657154963488654
0.035897435897435895,1.0,0.03748013157867105
0.03594351732991014,1.0,0.03768042403621417
0.03598971722365039,1.0,0.03783535856415426
0.036036036036036036,1.0,0.03788424276774757
0.03608247422680412,1.0,0.03848630071236961
0.03612903225806452,1.0,0.03867285089562473
0.03617571059431524,1.0,0.03871742544670811
0.03622250970245795,1.0,0.03923149736266932
0.03626943005181347,1.0,0.039540154885387584
0.03631647211413749,1.0,0.039948609414968625
0.03636363636363636,1.0,0.04004393660213264
0.036410923276983094,1.0,0.0406003182495304
0.036458333333333336,1.0,0.040626475284186746
0.03650586701434159,1.0,0.0407025741410082
0.03655352480417755,1.0,0.04179284968738811
0.036601307189542485,1.0,0.04188381437484086
0.03664921465968586,1.0,0.041928799343820294
0.03669724770642202,1.0,0.04198962265320405
0.03674540682414698,1.0,0.042281596711929215
0.036988110964332896,1.0,0.04323750363549886
0.037037037037037035,1.0,0.04338470357187785
0.03708609271523179,1.0,0.04365288618075944
0.03713527851458886,1.0,0.04378865056483417
0.035856573705179286,0.9642857142857143,0.043806310088531086
0.03590425531914894,0.9642857142857143,0.04387544949263757
0.03595206391478029,0.9642857142857143,0.04434357432712165
0.036,0.9642857142857143,0.0445483106027355
0.036048064085447265,0.9642857142857143,0.044718401396858044
0.03609625668449198,0.9642857142857143,0.045628055031062285
0.03614457831325301,0.9642857142857143,0.045663684351747995
0.036193029490616625,0.9642857142857143,0.04600431133592926
0.036241610738255034,0.9642857142857143,0.046313640196025206
0.036290322580645164,0.9642857142857143,0.046951619883694576
0.03633916554508748,0.9642857142857143,0.04727013375758798
0.03638814016172507,0.9642857142857143,0.047297365605607086
0.03643724696356275,0.9642857142857143,0.0473099717083149
0.03648648648648649,0.9642857142857143,0.047333282019005864
0.036535859269282815,0.9642857142857143,0.047465275654084885
0.036585365853658534,0.9642857142857143,0.04773626639906891
0.036635006784260515,0.9642857142857143,0.04776261972896884
0.036684782608695655,0.9642857142857143,0.048237793558268266
0.036734693877551024,0.9642857142857143,0.048432017534894685
0.03678474114441417,0.9642857142857143,0.04871094978604157
0.036834924965893585,0.9642857142857143,0.049197043688061486
0.036885245901639344,0.9642857142857143,0.04944777087340798
0.036935704514363885,0.9642857142857143,0.05005240119194973
0.036986301369863014,0.9642857142857143,0.050056838145326535
0.037037037037037035,0.9642857142857143,0.050720096123892465
0.03708791208791209,0.9642857142857143,0.051038543578963425
0.037138927097661624,0.9642857142857143,0.05119627737645011
0.0371900826446281,0.9642857142857143,0.0516541158070519
0.037241379310344824,0.9642857142857143,0.05193651681179722
0.03729281767955801,0.9642857142857143,0.05196215775346115
0.03734439834024896,0.9642857142857143,0.051992689198452235
0.037396121883656507,0.9642857142857143,0.05213888461656609
0.03744798890429958,0.9642857142857143,0.053214680490000936
0.0375,0.9642857142857143,0.053237844152733124
0.037552155771905425,0.9642857142857143,0.05338640516108397
0.03770949720670391,0.9642857142857143,0.05353615408397237
0.03776223776223776,0.9642857142857143,0.053617984393246415
0.037815126050420166,0.9642857142857143,0.05395455809231319
0.037868162692847124,0.9642857142857143,0.05432122688394145
0.037921348314606744,0.9642857142857143,0.055021507381275175
0.0379746835443038,0.9642857142857143,0.05656520676658079
0.038028169014084505,0.9642857142857143,0.05660379407246242
0.0380818053596615,0.9642857142857143,0.05730011964887164
0.03829787234042553,0.9642857142857143,0.05775456898714228
0.03835227272727273,0.9642857142857143,0.0578829372759109
0.03840682788051209,0.9642857142857143,0.05830196443589233
0.038461538461538464,0.9642857142857143,0.05848707593139224
0.03851640513552068,0.9642857142857143,0.05885326007453278
0.03857142857142857,0.9642857142857143,0.05910277576354484
0.03862660944206009,0.9642857142857143,0.059659952020802605
0.03868194842406877,0.9642857142857143,0.059749711923259424
0.03873744619799139,0.9642857142857143,0.05978563337752775
0.03879310344827586,0.9642857142857143,0.059850451525425105
0.03884892086330935,0.9642857142857143,0.06037636806536234
0.03890489913544669,0.9642857142857143,0.06082859476661327
0.03896103896103896,0.9642857142857143,0.061252927053412516
0.03901734104046243,0.9642857142857143,0.06183622256540941
0.03907380607814761,0.9642857142857143,0.06212135375796737
0.0391304347826087,0.9642857142857143,0.0628936634573182
0.03918722786647315,0.9642857142857143,0.06367186347501239
0.03924418604651163,0.9642857142857143,0.06380729836965403
0.039301310043668124,0.9642857142857143,0.0639509332667015
0.03935860058309038,0.9642857142857143,0.06419830578766901
0.03941605839416058,0.9642857142857143,0.06483636987934333
0.039473684210526314,0.9642857142857143,0.06486760059812074
0.03953147877013177,0.9642857142857143,0.06496557563436692
0.039589442815249266,0.9642857142857143,0.06504778612941847
0.039647577092511016,0.9642857142857143,0.06531577439632966
0.039705882352941174,0.9642857142857143,0.06628100701073766
0.039764359351988215,0.9642857142857143,0.06671804805274227
0.03982300884955752,0.9642857142857143,0.06712670828933466
0.03988183161004431,0.9642857142857143,0.06774457961177326
0.03994082840236687,0.9642857142857143,0.06892176892981747
0.04,0.9642857142857143,0.06992836585703426
0.040059347181008904,0.9642857142857143,0.07004000844590814
0.04011887072808321,0.9642857142857143,0.07018001174684053
0.04017857142857143,0.9642857142857143,0.07070748351417068
0.040238450074515646,0.9642857142857143,0.07085639941862233
0.04029850746268657,0.9642857142857143,0.07101343840152777
0.04035874439461883,0.9642857142857143,0.07117399220700046
0.040419161676646706,0.9642857142857143,0.07126012106594867
0.04047976011994003,0.9642857142857143,0.07151534341201425
0.04054054054054054,0.9642857142857143,0.07203143810262641
0.0406015037593985,0.9642857142857143,0.07210694601003645
0.04066265060240964,0.9642857142857143,0.07211764356672165
0.04072398190045249,0.9642857142857143,0.07213836266999107
0.04078549848942598,0.9642857142857143,0.07246623930323162
0.04084720121028744,0.9642857142857143,0.0725812075905994
0.04090909090909091,0.9642857142857143,0.07355314091900723
0.0409711684370258,0.9642857142857143,0.0736801322524633
0.041033434650455926,0.9642857142857143,0.07409297383539167
0.0410958904109589,0.9642857142857143,0.07415598875818176
0.041158536585365856,0.9642857142857143,0.07584682207598413
0.04122137404580153,0.9642857142857143,0.07584721539860699
0.04128440366972477,0.9642857142857143,0.07588194805970398
0.04134762633996937,0.9642857142857143,0.07676673545459019
0.04173106646058733,0.9642857142857143,0.07703770656507127
0.04179566563467492,0.9642857142857143,0.07760311102871417
0.04186046511627907,0.9642857142857143,0.07801097872071605
0.04192546583850932,0.9642857142857143,0.07876634396560867
0.041990668740279936,0.9642857142857143,0.07910272330904404
0.040498442367601244,0.9285714285714286,0.07948685954402793
0.0405616224648986,0.9285714285714286,0.07952028689042805
0.040625,0.9285714285714286,0.0809363380375801
0.0406885758998435,0.9285714285714286,0.08151735547290438
0.04075235109717868,0.9285714285714286,0.08166014677642662
0.04081632653061224,0.9285714285714286,0.08172217900810812
0.040880503144654086,0.9285714285714286,0.08285334187922291
0.04094488188976378,0.9285714285714286,0.08322091125960358
0.04100946372239748,0.9285714285714286,0.08331437264671686
0.04107424960505529,0.9285714285714286,0.0837266798900848
0.04113924050632911,0.9285714285714286,0.08517857532104262
0.04120443740095087,0.9285714285714286,0.08532874922053163
0.04126984126984127,0.9285714285714286,0.08625928274779865
0.04133545310015898,0.9285714285714286,0.08654172198845807
0.041401273885350316,0.9285714285714286,0.0867022627123126
0.04146730462519936,0.9285714285714286,0.08721796613808448
0.0416,0.9285714285714286,0.08851537435851894
0.041666666666666664,0.9285714285714286,0.0890070640151478
0.04173354735152488,0.9285714285714286,0.08955427272749435
0.04180064308681672,0.9285714285714286,0.09012684701971664
0.04186795491143317,0.9285714285714286,0.09027846008311173
0.041935483870967745,0.9285714285714286,0.09107093111372468
0.0420032310177706,0.9285714285714286,0.09109656515831002
0.042071197411003236,0.9285714285714286,0.09116569918053544
0.04213938411669368,0.9285714285714286,0.0919635573140522
0.04220779220779221,0.9285714285714286,0.09255944113264555
0.04227642276422764,0.9285714285714286,0.09264462452053328
0.04234527687296417,0.9285714285714286,0.09269446060230842
0.04241435562805873,0.9285714285714286,0.09269549389103615
0.042483660130718956,0.9285714285714286,0.09273707194173855
0.0425531914893617,0.9285714285714286,0.09314241410342093
0.04262295081967213,0.9285714285714286,0.09419390499737439
0.042692939244663386,0.9285714285714286,0.09425510740070737
0.04276315789473684,0.9285714285714286,0.09448050016459772
0.042833607907743,0.9285714285714286,0.09482011359244165
0.0429042904290429,0.9285714285714286,0.09516423449676192
0.04297520661157025,0.9285714285714286,0.09520501406969212
0.04304635761589404,0.9285714285714286,0.0954402732462519
0.04311774461028192,0.9285714285714286,0.09547808148731442
0.04318936877076412,0.9285714285714286,0.09615610163866838
0.04326123128119801,0.9285714285714286,0.09619161706605982
0.043333333333333335,0.9285714285714286,0.09636360551509306
0.04340567612687813,0.9285714285714286,0.09645021061118512
0.043478260869565216,0.9285714285714286,0.09657567290649223
0.04355108877721943,0.9285714285714286,0.09671158392771871
0.0436241610738255,0.9285714285714286,0.09691651282501891
0.043697478991596636,0.9285714285714286,0.0969202195997383
0.04377104377104377,0.9285714285714286,0.09701241622947052
0.04215851602023609,0.8928571428571429,0.09742264838842338
0.04222972972972973,0.8928571428571429,0.09750421376350915
0.04230118443316413,0.8928571428571429,0.09786795082140012
0.0423728813559322,0.8928571428571429,0.09802566927809735
0.042444821731748725,0.8928571428571429,0.09806198950837827
0.04251700680272109,0.8928571428571429,0.09846346413936663
0.04258943781942078,0.8928571428571429,0.09894897106576057
0.042662116040955635,0.8928571428571429,0.1001954944871297
0.042735042735042736,0.8928571428571429,0.10056948519441929
0.04280821917808219,0.8928571428571429,0.10172876532568961
0.04288164665523156,0.8928571428571429,0.1019369745896741
0.0429553264604811,0.8928571428571429,0.10216733363991509
0.043029259896729774,0.8928571428571429,0.10216895221348476
0.04310344827586207,0.8928571428571429,0.10235469864292991
0.04317789291882556,0.8928571428571429,0.1028152432111225
0.04325259515570934,0.8928571428571429,0.10284947159037315
0.043327556325823226,0.8928571428571429,0.10292869667110054
0.043402777777777776,0.8928571428571429,0.10373033276532813
0.043478260869565216,0.8928571428571429,0.103986712131067
0.04355400696864112,0.8928571428571429,0.1044938585176736
0.04363001745200698,0.8928571428571429,0.10532682139913796
0.043706293706293704,0.8928571428571429,0.10542720915842116
0.043782837127845885,0.8928571428571429,0.10546428757260048
0.043859649122807015,0.8928571428571429,0.10568580332401065
0.043936731107205626,0.8928571428571429,0.10743319172945391
0.04401408450704225,0.8928571428571429,0.10786161777318862
0.04409171075837742,0.8928571428571429,0.10814221175622876
0.044169611307420496,0.8928571428571429,0.1082604475040607
0.04247787610619469,0.8571428571428571,0.10899037180077019
0.0425531914893617,0.8571428571428571,0.10909369952676258
0.04262877442273535,0.8571428571428571,0.11034624739076573
0.042704626334519574,0.8571428571428571,0.11077571443393568
0.0427807486631016,0.8571428571428571,0.1113329411257736
0.04285714285714286,0.8571428571428571,0.11154475802911655
0.04293381037567084,0.8571428571428571,0.11190488816357537
0.043010752688172046,0.8571428571428571,0.11206685321019197
0.04129263913824058,0.8214285714285714,0.1122721818328176
0.04136690647482014,0.8214285714285714,0.11260499507602884
0.03963963963963964,0.7857142857142857,0.1127445845285064
0.039711191335740074,0.7857142857142857,0.1128786361318851
0.039783001808318265,0.7857142857142857,0.11337216265332456
0.03985507246376811,0.7857142857142857,0.11533357912482738
0.039927404718693285,0.7857142857142857,0.11555033234784413
0.04,0.7857142857142857,0.11587170884133172
0.04007285974499089,0.7857142857142857,0.11715332522614343
0.040145985401459854,0.7857142857142857,0.1172386435457122
0.04021937842778794,0.7857142857142857,0.11810861192964799
0.040293040293040296,0.7857142857142857,0.11829806140572753
0.04036697247706422,0.7857142857142857,0.11838031655618035
0.04044117647058824,0.7857142857142857,0.11838328180392396
0.040515653775322284,0.7857142857142857,0.11869111163553522
0.04059040590405904,0.7857142857142857,0.11929052006727717
0.04066543438077634,0.7857142857142857,0.11968647570874091
0.040740740740740744,0.7857142857142857,0.1199614991814431
0.04081632653061224,0.7857142857142857,0.12049664545682265
0.040892193308550186,0.7857142857142857,0.12198988601241242
0.040968342644320296,0.7857142857142857,0.12305257097255849
0.03917910447761194,0.75,0.12333945815820914
0.03925233644859813,0.75,0.12378357084107666
0.03932584269662921,0.75,0.12393620373589652
0.039399624765478425,0.75,0.12459159335422407
0.039473684210526314,0.75,0.1256661795937127
0.03954802259887006,0.75,0.12578655444218576
0.03962264150943396,0.75,0.12582495689588713
0.03969754253308128,0.75,0.125965058496448
0.03977272727272727,0.75,0.12600929725706098
0.03984819734345351,0.75,0.12610348001651264
0.039923954372623575,0.75,0.12624553032953653
0.04,0.75,0.12831270502032346
0.04007633587786259,0.75,0.12843053641531257
0.040152963671128104,0.75,0.13023995192530974
0.04030710172744722,0.75,0.131940616441038
0.04038461538461539,0.75,0.13204017413728678
0.04046242774566474,0.75,0.1320847634631918
0.04054054054054054,0.75,0.13211741076985478
0.04061895551257253,0.75,0.1323844069845195
0.040697674418604654,0.75,0.1325203928450967
0.040776699029126215,0.75,0.13440626021961388
0.04085603112840467,0.75,0.13528025223944407
0.04093567251461988,0.75,0.13533490060648629
0.041015625,0.75,0.13615851032742549
0.0410958904109589,0.75,0.13618200302411157
0.041176470588235294,0.75,0.1372381389090253
0.0412573673870334,0.75,0.137378140366479
0.04133858267716536,0.75,0.13740206065410276
0.04142011834319527,0.75,0.13764427849238747
0.041501976284584984,0.75,0.13783491700650907
0.041666666666666664,0.75,0.13873190698558502
0.041749502982107355,0.75,0.13926904401694848
0.04183266932270916,0.75,0.13940676785832312
0.041916167664670656,0.75,0.13978021521810888
0.042,0.75,0.14106248696008705
0.04208416833667335,0.75,0.141410128689675
0.04216867469879518,0.75,0.14202013036483438
0.04225352112676056,0.75,0.14206486058562873
0.04233870967741935,0.75,0.14237525645804036
0.04242424242424243,0.75,0.1431877215691369
0.04251012145748988,0.75,0.14393696684545404
0.04259634888438134,0.75,0.14410399073680952
0.042682926829268296,0.75,0.14420793064555024
0.04276985743380855,0.75,0.1454102018827764
0.04285714285714286,0.75,0.1458079933315291
0.04294478527607362,0.75,0.14589295594563104
0.0430327868852459,0.75,0.14722672619349378
0.043121149897330596,0.75,0.1477642676791207
0.043209876543209874,0.75,0.14823472096318072
0.04329896907216495,0.75,0.1484341391178743
0.04338842975206612,0.75,0.14866478131544367
0.043478260869565216,0.75,0.1486983619386382
0.043568464730290454,0.75,0.1490500176997084
0.04365904365904366,0.75,0.15147869630580058
0.04375,0.75,0.1522765621468389
0.04384133611691023,0.75,0.15282848001301452
0.043933054393305436,0.75,0.15461487721829476
0.0440251572327044,0.75,0.1546848823056667
0.04411764705882353,0.75,0.156433736343805
0.04430379746835443,0.75,0.1575042598159898
0.04439746300211417,0.75,0.15781542460333853
0.04449152542372881,0.75,0.15785128372212034
0.044585987261146494,0.75,0.15887516785388595
0.04468085106382979,0.75,0.15901496946359212
0.04477611940298507,0.75,0.15921479857010012
0.04487179487179487,0.75,0.1615919143290678
0.044967880085653104,0.75,0.1629681101631855
0.04516129032258064,0.75,0.16320342786742043
0.04525862068965517,0.75,0.16391707346320425
0.04535637149028078,0.75,0.1643571285073611
0.045454545454545456,0.75,0.16470339806143117
0.0455531453362256,0.75,0.16536977763870014
0.04565217391304348,0.75,0.16558003294200999
0.0457516339869281,0.75,0.16734340941987236
0.04585152838427948,0.75,0.16757915514593208
0.045951859956236324,0.75,0.16782233424618895
0.046052631578947366,0.75,0.1706843537165135
0.046153846153846156,0.75,0.17101339393004797
0.046255506607929514,0.75,0.1715836797735544
0.046357615894039736,0.75,0.17174349474163125
0.046460176991150445,0.75,0.17229615570548867
0.04656319290465632,0.75,0.17231036779607126
0.04666666666666667,0.75,0.17245964957081508
0.0467706013363029,0.75,0.17256703681676522
0.046875,0.75,0.17364695329750157
0.04697986577181208,0.75,0.17404568964520883
0.04708520179372197,0.75,0.17434851856867736
0.04719101123595506,0.75,0.17499023253537072
0.0472972972972973,0.75,0.1758282969205701
0.04740406320541761,0.75,0.17617100460150356
0.04751131221719457,0.75,0.1765412173574337
0.045351473922902494,0.7142857142857143,0.17751907560417657
0.045454545454545456,0.7142857142857143,0.17764201480152988
0.04555808656036447,0.7142857142857143,0.17859016961153557
0.045662100456621,0.7142857142857143,0.17870983694168466
0.04576659038901602,0.7142857142857143,0.1787365254542137
0.045871559633027525,0.7142857142857143,0.17919537734914223
0.04597701149425287,0.7142857142857143,0.1808921593990208
0.04608294930875576,0.7142857142857143,0.18096038741920034
0.046189376443418015,0.7142857142857143,0.18119460886896585
0.046296296296296294,0.7142857142857143,0.1820123829656884
0.04640371229698376,0.7142857142857143,0.18237427485377206
0.046511627906976744,0.7142857142857143,0.18436699714896085
0.046620046620046623,0.7142857142857143,0.18548109255671194
0.04672897196261682,0.7142857142857143,0.18705933898510646
0.0468384074941452,0.7142857142857143,0.1884629411334685
0.046948356807511735,0.7142857142857143,0.1912460719671589
0.047058823529411764,0.7142857142857143,0.19191411854470014
0.04716981132075472,0.7142857142857143,0.19216064154122606
0.04728132387706856,0.7142857142857143,0.1926026577949158
0.04739336492890995,0.7142857142857143,0.1926260377678768
0.047505938242280284,0.7142857142857143,0.193062807703921
0.047619047619047616,0.7142857142857143,0.19313060918569958
0.0477326968973747,0.7142857142857143,0.19412209296356273
0.04784688995215311,0.7142857142857143,0.1942281895732962
0.047961630695443645,0.7142857142857143,0.19491151441810664
0.04807692307692308,0.7142857142857143,0.19505396563975877
0.04578313253012048,0.6785714285714286,0.1955094396040094
0.04589371980676329,0.6785714285714286,0.19560005841504327
0.04600484261501211,0.6785714285714286,0.1978309508552178
0.04611650485436893,0.6785714285714286,0.19900074811806684
0.046228710462287104,0.6785714285714286,0.19933212287889365
0.046341463414634146,0.6785714285714286,0.20049814472802935
0.04645476772616137,0.6785714285714286,0.201240725968514
0.04656862745098039,0.6785714285714286,0.20363572241736055
0.04668304668304668,0.6785714285714286,0.20607518271821923
0.046798029556650245,0.6785714285714286,0.20633631891426488
0.04691358024691358,0.6785714285714286,0.2067477537055693
0.04702970297029703,0.6785714285714286,0.20761259993657025
0.04714640198511166,0.6785714285714286,0.2076572438655769
0.0472636815920398,0.6785714285714286,0.2080820334568593
0.04738154613466334,0.6785714285714286,0.20893507769026262
0.0475,0.6785714285714286,0.20894755200352602
0.047619047619047616,0.6785714285714286,0.20900962898336437
0.04773869346733668,0.6785714285714286,0.2109745892176403
0.04785894206549118,0.6785714285714286,0.21146516122101347
0.047979797979797977,0.6785714285714286,0.212652030907878
0.04810126582278481,0.6785714285714286,0.2149238611473495
0.048223350253807105,0.6785714285714286,0.21766372543334814
0.04834605597964377,0.6785714285714286,0.21913739739869492
0.04846938775510204,0.6785714285714286,0.22077707849202424
0.04859335038363171,0.6785714285714286,0.22162689137250305
0.04871794871794872,0.6785714285714286,0.2217293237563767
0.04884318766066838,0.6785714285714286,0.22537551103591935
0.04896907216494845,0.6785714285714286,0.22636588493374163
0.04909560723514212,0.6785714285714286,0.22730640997118265
0.04922279792746114,0.6785714285714286,0.22789549408410395
0.04935064935064935,0.6785714285714286,0.22836333014991897
0.046875,0.6428571428571429,0.22866576241036066
0.04699738903394256,0.6428571428571429,0.2301362165767646
0.04712041884816754,0.6428571428571429,0.23014143773210458
0.047244094488188976,0.6428571428571429,0.23078613131479073
0.04736842105263158,0.6428571428571429,0.23149583295518764
0.047493403693931395,0.6428571428571429,0.23231368474499525
0.047619047619047616,0.6428571428571429,0.23464379842622476
0.04774535809018567,0.6428571428571429,0.23473626953906804
0.047872340425531915,0.6428571428571429,0.23642466952040037
0.048,0.6428571428571429,0.23674006018062488
0.0481283422459893,0.6428571428571429,0.2376548373536912
0.04825737265415549,0.6428571428571429,0.2382397851519019
0.04838709677419355,0.6428571428571429,0.2389846145830701
0.04851752021563342,0.6428571428571429,0.23956963210638732
0.04864864864864865,0.6428571428571429,0.23960390641849072
0.04878048780487805,0.6428571428571429,0.2402229510160579
0.04891304347826087,0.6428571428571429,0.24093868459451276
0.04904632152588556,0.6428571428571429,0.2431575880446083
0.04918032786885246,0.6428571428571429,0.24388412798798104
0.049315068493150684,0.6428571428571429,0.2450231945712476
0.04945054945054945,0.6428571428571429,0.24529704575563796
0.049586776859504134,0.6428571428571429,0.2454275374760247
0.049723756906077346,0.6428571428571429,0.24850313573880978
0.04986149584487535,0.6428571428571429,0.25064940809619823
0.05,0.6428571428571429,0.2509222114445826
0.05013927576601671,0.6428571428571429,0.2527902506709579
0.05027932960893855,0.6428571428571429,0.2554314192850355
0.05042016806722689,0.6428571428571429,0.2557625325464564
0.05056179775280899,0.6428571428571429,0.2582011922256425
0.05070422535211268,0.6428571428571429,0.2584601214074284
0.05084745762711865,0.6428571428571429,0.25874450804959737
0.05099150141643059,0.6428571428571429,0.2589226940839054
0.05113636363636364,0.6428571428571429,0.2596751209634948
0.05128205128205128,0.6428571428571429,0.26064989126793814
0.05142857142857143,0.6428571428571429,0.26134900757888047
0.04871060171919771,0.6071428571428571,0.2637034236294957
0.04885057471264368,0.6071428571428571,0.267076325954876
0.04899135446685879,0.6071428571428571,0.267531135934116
0.049132947976878616,0.6071428571428571,0.2684554673460778
0.04927536231884058,0.6071428571428571,0.2694671921265336
0.04941860465116279,0.6071428571428571,0.2694680387648499
0.04956268221574344,0.6071428571428571,0.27021308737578165
0.049707602339181284,0.6071428571428571,0.2713091632165256
0.04985337243401759,0.6071428571428571,0.2721660174403129
0.05,0.6071428571428571,0.27316969652854645
0.05014749262536873,0.6071428571428571,0.2732357658396975
0.05029585798816568,0.6071428571428571,0.2742720036300197
0.050445103857566766,0.6071428571428571,0.27533935273087073
0.047619047619047616,0.5714285714285714,0.2762136572674956
0.04776119402985075,0.5714285714285714,0.2763568464668531
0.04790419161676647,0.5714285714285714,0.2778283416687708
0.04804804804804805,0.5714285714285714,0.2779397634780545
0.04819277108433735,0.5714285714285714,0.2789180127379245
0.04833836858006042,0.5714285714285714,0.2805438644205055
0.048484848484848485,0.5714285714285714,0.28087763787836045
0.0486322188449848,0.5714285714285714,0.2833214617636659
0.04878048780487805,0.5714285714285714,0.28578389225832806
0.04892966360856269,0.5714285714285714,0.28694613865432894
0.049079754601226995,0.5714285714285714,0.2871731473036165
0.04923076923076923,0.5714285714285714,0.2873180816774843
0.04938271604938271,0.5714285714285714,0.2907307937036063
0.04953560371517028,0.5714285714285714,0.291288417683466
0.049689440993788817,0.5714285714285714,0.2927632967972985
0.04984423676012461,0.5714285714285714,0.2956203732489067
0.05,0.5714285714285714,0.2974214101547541
0.050156739811912224,0.5714285714285714,0.29764338839774535
0.050314465408805034,0.5714285714285714,0.2995643536559685
0.050473186119873815,0.5714285714285714,0.30020867218486935
0.05063291139240506,0.5714285714285714,0.3007856126491021
0.050793650793650794,0.5714285714285714,0.3025316465716732
0.04777070063694268,0.5357142857142857,0.3027120235299031
0.04792332268370607,0.5357142857142857,0.30287512789385157
0.04807692307692308,0.5357142857142857,0.3030403647037157
0.04823151125401929,0.5357142857142857,0.30489630316016963
0.04838709677419355,0.5357142857142857,0.30535040803048213
0.04854368932038835,0.5357142857142857,0.30662447486279204
0.045454545454545456,0.5,0.30713108400271166
0.04560260586319218,0.5,0.30719127034978994
0.0457516339869281,0.5,0.30857049917361545
0.04590163934426229,0.5,0.30873806242861507
0.046052631578947366,0.5,0.3095070502904206
0.0462046204620462,0.5,0.3102847061214911
0.046357615894039736,0.5,0.31170989562673296
0.046511627906976744,0.5,0.31231847471175794
0.04666666666666667,0.5,0.3134574069043792
0.046822742474916385,0.5,0.31395484130859225
0.04697986577181208,0.5,0.31549755460438933
0.04713804713804714,0.5,0.31661296275878087
0.0472972972972973,0.5,0.31777749968814956
0.04745762711864407,0.5,0.3179010461996471
0.047619047619047616,0.5,0.3184317563781608
0.04778156996587031,0.5,0.3192431239061315
0.04794520547945205,0.5,0.3198906051437376
0.048109965635738834,0.5,0.3199977216206216
0.04827586206896552,0.5,0.3203705186545092
0.04844290657439446,0.5,0.32140644517756445
0.04861111111111111,0.5,0.32395417795560033
0.04878048780487805,0.5,0.32450438610009547
0.04895104895104895,0.5,0.32490142158181406
0.04912280701754386,0.5,0.32552775841353715
0.04929577464788732,0.5,0.3261233679139922
0.04946996466431095,0.5,0.3279266744032516
0.04964539007092199,0.5,0.3283040769158077
0.0498220640569395,0.5,0.3290676807469969
0.05,0.5,0.32946737940574966
0.05017921146953405,0.5,0.3324673285360316
0.050359712230215826,0.5,0.33308135387535015
0.05054151624548736,0.5,0.3363956434994334
0.050724637681159424,0.5,0.3382533040261932
0.05090909090909091,0.5,0.33849823988510286
0.051094890510948905,0.5,0.3393732111779655
0.05128205128205128,0.5,0.3399951275573913
0.051470588235294115,0.5,0.3402381701119869
0.05166051660516605,0.5,0.34069701760710824
0.05185185185185185,0.5,0.34092844458669563
0.05204460966542751,0.5,0.34107369608442284
0.05223880597014925,0.5,0.34226278987740305
0.052434456928838954,0.5,0.34466173244089787
0.05263157894736842,0.5,0.3453819293216461
0.052830188679245285,0.5,0.3507806237758187
0.05303030303030303,0.5,0.3512873021443211
0.053231939163498096,0.5,0.3526490209754085
0.05343511450381679,0.5,0.3535124344783839
0.05363984674329502,0.5,0.35545877647386687
0.05384615384615385,0.5,0.3586240024738994
0.05405405405405406,0.5,0.35934616999265623
0.05426356589147287,0.5,0.35963550534664324
0.054474708171206226,0.5,0.35983823303208384
0.0546875,0.5,0.3603706531761123
0.054901960784313725,0.5,0.362212066458919
0.05511811023622047,0.5,0.36422767056918126
0.05533596837944664,0.5,0.3654889913717757
0.05555555555555555,0.5,0.36588634052894553
0.055776892430278883,0.5,0.3665411429683074
0.056,0.5,0.3670189996610036
0.05622489959839357,0.5,0.36797921677730755
0.056451612903225805,0.5,0.3694937130576229
0.05668016194331984,0.5,0.37156390965867336
0.056910569105691054,0.5,0.3729471796371284
0.05714285714285714,0.5,0.3733679274973541
0.05737704918032787,0.5,0.3734828815222267
0.053497942386831275,0.4642857142857143,0.37503254995065827
0.05371900826446281,0.4642857142857143,0.3753039672840582
0.05394190871369295,0.4642857142857143,0.37649217336430774
0.05416666666666667,0.4642857142857143,0.38177007081429465
0.05439330543933055,0.4642857142857143,0.38273321646224145
0.05042016806722689,0.42857142857142855,0.3907892159421638
0.05063291139240506,0.42857142857142855,0.3909182645605437
0.05084745762711865,0.42857142857142855,0.3921255157651528
0.05106382978723404,0.42857142857142855,0.39471014058795595
0.05128205128205128,0.42857142857142855,0.3954395929330027
0.05150214592274678,0.42857142857142855,0.3955204971210129
0.05172413793103448,0.42857142857142855,0.39569246493942484
0.05194805194805195,0.42857142857142855,0.3959528434848853
0.05217391304347826,0.42857142857142855,0.3968231411625714
0.05240174672489083,0.42857142857142855,0.3971995307638746
0.05263157894736842,0.42857142857142855,0.39830616356477205
0.05286343612334802,0.42857142857142855,0.3984737804020758
0.05309734513274336,0.42857142857142855,0.40016161379211046
0.05333333333333334,0.42857142857142855,0.402875461537605
0.05357142857142857,0.42857142857142855,0.40362405605509083
0.053811659192825115,0.42857142857142855,0.4055465926391646
0.05405405405405406,0.42857142857142855,0.40581630344732944
0.05429864253393665,0.42857142857142855,0.4066221992942893
0.05454545454545454,0.42857142857142855,0.4072737948547122
0.0547945205479452,0.42857142857142855,0.40811319509795796
0.05504587155963303,0.42857142857142855,0.41034562803202945
0.055299539170506916,0.42857142857142855,0.4124368486034857
0.05555555555555555,0.42857142857142855,0.41263237390700863
0.05581395348837209,0.42857142857142855,0.41328678736525554
0.056074766355140186,0.42857142857142855,0.414219166134368
0.056338028169014086,0.42857142857142855,0.4148011530390963
0.05660377358490566,0.42857142857142855,0.4157352461388954
0.05687203791469194,0.42857142857142855,0.4192166281655443
0.05714285714285714,0.42857142857142855,0.41965944798975974
0.05741626794258373,0.42857142857142855,0.41984490121225043
0.057692307692307696,0.42857142857142855,0.4204154602666177
0.057971014492753624,0.42857142857142855,0.42132047187748645
0.05825242718446602,0.42857142857142855,0.4219896459015364
0.05853658536585366,0.42857142857142855,0.4232055055154192
0.058823529411764705,0.42857142857142855,0.42480492108182205
0.059113300492610835,0.42857142857142855,0.4258657931544285
0.0594059405940594,0.42857142857142855,0.4261674524462009
0.05970149253731343,0.42857142857142855,0.4262419640610185
0.06,0.42857142857142855,0.4265595902714427
0.06030150753768844,0.42857142857142855,0.4269678811634055
0.06060606060606061,0.42857142857142855,0.4279440432596902
0.06091370558375635,0.42857142857142855,0.4284031691696151
0.061224489795918366,0.42857142857142855,0.43327195283593506
0.06153846153846154,0.42857142857142855,0.43642954196303385
0.061855670103092786,0.42857142857142855,0.43774176051242114
0.05699481865284974,0.39285714285714285,0.4411441972355157
0.057291666666666664,0.39285714285714285,0.44115317081189304
0.05759162303664921,0.39285714285714285,0.44258757877605787
0.05789473684210526,0.39285714285714285,0.44614089084026476
0.0582010582010582,0.39285714285714285,0.44770052183226056
0.05851063829787234,0.39285714285714285,0.44788564111386786
0.058823529411764705,0.39285714285714285,0.44934709583743276
0.05913978494623656,0.39285714285714285,0.45026015524454743
0.05945945945945946,0.39285714285714285,0.4508589575494771
0.059782608695652176,0.39285714285714285,0.45408068169832805
0.060109289617486336,0.39285714285714285,0.45423418596426207
0.06043956043956044,0.39285714285714285,0.455609821600241
0.06077348066298342,0.39285714285714285,0.4558756405831432
0.06111111111111111,0.39285714285714285,0.4566420708953118
0.061452513966480445,0.39285714285714285,0.4576866466866776
0.06179775280898876,0.39285714285714285,0.4581018397801391
0.062146892655367235,0.39285714285714285,0.4583973232890044
0.0625,0.39285714285714285,0.4588551694230667
0.06285714285714286,0.39285714285714285,0.4612761617985223
0.06321839080459771,0.39285714285714285,0.4650612596555977
0.06358381502890173,0.39285714285714285,0.4669209324378349
0.06395348837209303,0.39285714285714285,0.46815926276038206
0.06432748538011696,0.39285714285714285,0.4724139007789735
0.06470588235294118,0.39285714285714285,0.47465620095153715
0.0650887573964497,0.39285714285714285,0.47514258675399373
0.06547619047619048,0.39285714285714285,0.4753338427640303
0.0658682634730539,0.39285714285714285,0.4759022174657558
0.06626506024096386,0.39285714285714285,0.4761435886712471
0.06666666666666667,0.39285714285714285,0.4763767372984991
0.06707317073170732,0.39285714285714285,0.47681450885667215
0.06748466257668712,0.39285714285714285,0.4769161197791845
0.06790123456790123,0.39285714285714285,0.47833379223254063
0.06832298136645963,0.39285714285714285,0.4785300702301175
0.06875,0.39285714285714285,0.4804203746350572
0.06918238993710692,0.39285714285714285,0.48096793498558454
0.06962025316455696,0.39285714285714285,0.4810254988985921
0.07006369426751592,0.39285714285714285,0.4810341949830534
0.07051282051282051,0.39285714285714285,0.48284240324262856
0.07096774193548387,0.39285714285714285,0.48417318958802713
0.07142857142857142,0.39285714285714285,0.4857740008323877
0.0718954248366013,0.39285714285714285,0.4865170131845632
0.07236842105263158,0.39285714285714285,0.4878096481497949
0.0728476821192053,0.39285714285714285,0.48782043253213514
0.07333333333333333,0.39285714285714285,0.49208084284408515
0.0738255033557047,0.39285714285714285,0.49247122523010106
0.07432432432432433,0.39285714285714285,0.4974154143609569
0.07482993197278912,0.39285714285714285,0.4986099859099538
0.07534246575342465,0.39285714285714285,0.4998047247149165
0.07586206896551724,0.39285714285714285,0.49989203048848285
0.0763888888888889,0.39285714285714285,0.49991490318210735
0.07692307692307693,0.39285714285714285,0.5007743666384282
0.07746478873239436,0.39285714285714285,0.5062014348921227
0.07801418439716312,0.39285714285714285,0.5065130149821488
0.07857142857142857,0.39285714285714285,0.5073230103891421
0.07913669064748201,0.39285714285714285,0.5088575919771617
0.07971014492753623,0.39285714285714285,0.5099667595556887
0.08029197080291971,0.39285714285714285,0.5106129915539386
0.08088235294117647,0.39285714285714285,0.5119809717990477
0.08148148148148149,0.39285714285714285,0.5135026044625789
0.08208955223880597,0.39285714285714285,0.5140328048856811
0.08270676691729323,0.39285714285714285,0.5143695144554374
0.08333333333333333,0.39285714285714285,0.514603562209215
0.08396946564885496,0.39285714285714285,0.5184197234602632
0.08461538461538462,0.39285714285714285,0.5271238107350142
0.08527131782945736,0.39285714285714285,0.5298226823107838
0.0859375,0.39285714285714285,0.5312790088163343
0.08661417322834646,0.39285714285714285,0.5314183824951803
0.0873015873015873,0.39285714285714285,0.5321637074913124
0.088,0.39285714285714285,0.5329997244006113
0.08870967741935484,0.39285714285714285,0.5349565035971006
0.08943089430894309,0.39285714285714285,0.5371757956260313
0.09016393442622951,0.39285714285714285,0.538696716393078
0.08264462809917356,0.35714285714285715,0.5424006882725447
0.08333333333333333,0.35714285714285715,0.5436531228972455
0.08403361344537816,0.35714285714285715,0.5448056604823122
0.0847457627118644,0.35714285714285715,0.5469765702272599
0.08547008547008547,0.35714285714285715,0.550214400026852
0.08620689655172414,0.35714285714285715,0.5519037551404392
0.08695652173913043,0.35714285714285715,0.5524198859789906
0.08771929824561403,0.35714285714285715,0.5534909790500241
0.08849557522123894,0.35714285714285715,0.555921834418054
0.08928571428571429,0.35714285714285715,0.5571077057613945
0.09009009009009009,0.35714285714285715,0.5573686254641583
0.09090909090909091,0.35714285714285715,0.558379510479661
0.09174311926605505,0.35714285714285715,0.5589096225122551
0.09259259259259259,0.35714285714285715,0.5596913440444179
0.09345794392523364,0.35714285714285715,0.5648136447694752
0.09433962264150944,0.35714285714285715,0.5694222912463482
0.09523809523809523,0.35714285714285715,0.5696075406750902
0.09615384615384616,0.35714285714285715,0.5708425030356372
0.0970873786407767,0.35714285714285715,0.572362390354443
0.09803921568627451,0.35714285714285715,0.5770501021282782
0.0891089108910891,0.32142857142857145,0.5786879628614454
0.09,0.32142857142857145,0.5822100481570357
0.09090909090909091,0.32142857142857145,0.5824778443620406
0.09183673469387756,0.32142857142857145,0.5839998572297511
0.09278350515463918,0.32142857142857145,0.5858598235956491
0.09375,0.32142857142857145,0.5861809126120641
0.09473684210526316,0.32142857142857145,0.5876405078826482
0.09574468085106383,0.32142857142857145,0.5906323272753419
0.0967741935483871,0.32142857142857145,0.592350983019951
0.09782608695652174,0.32142857142857145,0.5923701950202348
0.0989010989010989,0.32142857142857145,0.5935613994527482
0.1,0.32142857142857145,0.5937161930016813
0.10112359550561797,0.32142857142857145,0.5938633850470213
0.10227272727272728,0.32142857142857145,0.5957255192551474
0.10344827586206896,0.32142857142857145,0.6035253084712733
0.09302325581395349,0.2857142857142857,0.6063301273796264
0.09411764705882353,0.2857142857142857,0.60853527781668
0.09523809523809523,0.2857142857142857,0.6090109942483422
0.0963855421686747,0.2857142857142857,0.6094997263683822
0.0975609756097561,0.2857142857142857,0.6095674050172718
0.09876543209876543,0.2857142857142857,0.6113439483412482
0.1,0.2857142857142857,0.6127055185106698
0.10126582278481013,0.2857142857142857,0.6134034525844587
0.10256410256410256,0.2857142857142857,0.6172001568047057
0.1038961038961039,0.2857142857142857,0.6195120753079641
0.10526315789473684,0.2857142857142857,0.6204499030356693
0.09333333333333334,0.25,0.6227418973459614
0.0945945945945946,0.25,0.6244951859353122
0.0958904109589041,0.25,0.6264988606304438
0.09722222222222222,0.25,0.6294206869277209
0.09859154929577464,0.25,0.6301841427587095
0.1,0.25,0.6334387290335866
0.10144927536231885,0.25,0.6425595988948487
0.10294117647058823,0.25,0.6450771736093537
0.1044776119402985,0.25,0.6476850371226799
0.10606060606060606,0.25,0.6479521359471937
0.1076923076923077,0.25,0.6492534612466823
0.109375,0.25,0.6518188698670989
0.1111111111111111,0.25,0.6537594728235459
0.11290322580645161,0.25,0.6542722250997246
0.11475409836065574,0.25,0.6558471890902248
0.11666666666666667,0.25,0.6599442426185719
0.11864406779661017,0.25,0.6627817164317464
0.1206896551724138,0.25,0.6645359944768259
0.12280701754385964,0.25,0.6652284279372761
0.125,0.25,0.6705556368795214
0.10909090909090909,0.21428571428571427,0.6793526868080962
0.1111111111111111,0.21428571428571427,0.679361554030507
0.11320754716981132,0.21428571428571427,0.6915386208238148
0.11538461538461539,0.21428571428571427,0.6938804640557236
0.11764705882352941,0.21428571428571427,0.6939586775984663
0.12,0.21428571428571427,0.6968174931789483
0.12244897959183673,0.21428571428571427,0.7005019913454833
0.125,0.21428571428571427,0.7006500881175964
0.10638297872340426,0.17857142857142858,0.7035190999367491
0.10869565217391304,0.17857142857142858,0.7052834088843641
0.1111111111111111,0.17857142857142858,0.7105362001805277
0.11363636363636363,0.17857142857142858,0.7128938862819963
0.11627906976744186,0.17857142857142858,0.7241154398981259
0.11904761904761904,0.17857142857142858,0.7250494762745765
0.12195121951219512,0.17857142857142858,0.7327725229876387
0.125,0.17857142857142858,0.7346459145033247
0.1282051282051282,0.17857142857142858,0.7377292106849925
0.13157894736842105,0.17857142857142858,0.7397636460130737
0.13513513513513514,0.17857142857142858,0.7410121034313606
0.1388888888888889,0.17857142857142858,0.741687546932962
0.14285714285714285,0.17857142857142858,0.753861707615687
0.14705882352941177,0.17857142857142858,0.7584588317090017
0.15151515151515152,0.17857142857142858,0.7653838739979316
0.15625,0.17857142857142858,0.768033841707505
0.16129032258064516,0.17857142857142858,0.7685224151650693
0.13333333333333333,0.14285714285714285,0.7711762467269545
0.13793103448275862,0.14285714285714285,0.7759602515989306
0.10714285714285714,0.10714285714285714,0.7771635905255927
0.1111111111111111,0.10714285714285714,0.7783444524199757
0.11538461538461539,0.10714285714285714,0.7785208203588448
0.12,0.10714285714285714,0.7821825811428332
0.125,0.10714285714285714,0.7825059232269996
0.13043478260869565,0.10714285714285714,0.7837078944493063
0.13636363636363635,0.10714285714285714,0.7849225864741964
0.14285714285714285,0.10714285714285714,0.792648572761854
0.15,0.10714285714285714,0.7995805159500183
0.15789473684210525,0.10714285714285714,0.8107923294914654
0.16666666666666666,0.10714285714285714,0.8163959976323779
0.17647058823529413,0.10714285714285714,0.8176596834549079
0.1875,0.10714285714285714,0.8182130016294701
0.13333333333333333,0.07142857142857142,0.8264206184381376
0.14285714285714285,0.07142857142857142,0.8305672965274189
0.07692307692307693,0.03571428571428571,0.8381874979977467
0.08333333333333333,0.03571428571428571,0.8461842779264495
0.09090909090909091,0.03571428571428571,0.8600647132640368
0.1,0.03571428571428571,0.8621437845789198
0.1111111111111111,0.03571428571428571,0.8640003300303513
0.125,0.03571428571428571,0.8731824901231304
0.0,0.0,0.8824670896904966
0.0,0.0,0.9119838852181242
0.0,0.0,0.9218382471813106
0.0,0.0,0.9220773786744865
0.0,0.0,0.93757514228588
0.0,0.0,0.9439047369845512
0.0,0.0,0.9739780727795657
1.0,0.0,
